<?xml version="1.0" encoding="UTF-8"?>
<project-private xmlns="http://www.netbeans.org/ns/project-private/1">
    <editor-bookmarks xmlns="http://www.netbeans.org/ns/editor-bookmarks/2" lastBookmarkId="2">
        <file>
            <url>production/product_grn.php</url>
            <bookmark id="2">
                <name/>
                <line>345</line>
                <key/>
            </bookmark>
        </file>
        <file>
            <url>util/initialize.php</url>
            <bookmark id="1">
                <name/>
                <line>17</line>
                <key/>
            </bookmark>
        </file>
    </editor-bookmarks>
    <open-files xmlns="http://www.netbeans.org/ns/projectui-open-files/2">
        <group>
            <file>file:/D:/Mahesh's%20Shared/workspace/Leeshya/leeshya/production/batch.php</file>
            <file>file:/D:/Mahesh's%20Shared/workspace/Leeshya/leeshya/production/production_management.php</file>
            <file>file:/D:/Mahesh's%20Shared/workspace/Leeshya/leeshya/production/batch_management.php</file>
            <file>file:/D:/Mahesh's%20Shared/workspace/Leeshya/leeshya/production/customer_payment.php</file>
            <file>file:/D:/Mahesh's%20Shared/workspace/Leeshya/leeshya/production/customer_management.php</file>
            <file>file:/D:/Mahesh's%20Shared/workspace/Leeshya/leeshya/production/production.php</file>
            <file>file:/D:/Mahesh's%20Shared/workspace/Leeshya/leeshya/production/init_tableees.php</file>
        </group>
    </open-files>
</project-private>
